{
  "meta-phytec": 1.0639259815216064, 
  "meta-openembedded": 15.66274905204773, 
  "meta-yogurt": 1.0639870166778564, 
  "meta-qt5/meta-qt5": 3.2622110843658447, 
  "poky": 0.7028219699859619
}